customer_id,name,email,phone,city,join_date
CUST-10000,Vedika Nagy,nathanmalhotra@example.net,+918259222993,Dubai,2025-05-30
CUST-10001,Rishi Rattan,routfarhan@example.org,0150273265,Dubai,2025-03-28
CUST-10002,Aarini Chada,nagartanay@example.org,+915093777782,Sharjah,2024-09-14
CUST-10003,Yamini Dube,vbali@example.net,9231176933,Abu Dhabi,2026-04-10
CUST-10004,Megha Dugar,ukhosla@example.org,01998231745,Ajman,2025-09-18
CUST-10005,Frederick Cherian,tanand@example.net,0648436545,Dubai,2026-04-15
CUST-10006,Jagvi Shetty,yochana40@example.org,+911571178244,Dubai,2024-05-06
CUST-10007,Qasim Varty,fariqchandra@example.org,+911685375731,Sharjah,2025-09-10
CUST-10008,Prisha Thakkar,brai@example.com,+916322911402,Sharjah,2024-07-08
CUST-10009,Zayyan Bhargava,doctorquincy@example.com,2503507965,Sharjah,2025-05-04
CUST-10010,Bhanumati Khurana,triptinanda@example.org,8257454916,Ajman,2024-09-01
CUST-10011,Dominic De,manirajeshri@example.org,06175435541,Dubai,2026-02-21
CUST-10012,Vinaya Sehgal,xprabhu@example.org,6265498505,Dubai,2024-09-17
CUST-10013,Qabil Goda,waliarya@example.net,03520033949,Abu Dhabi,2025-05-30
CUST-10014,Sathvik De,somanmohammed@example.org,+912554963430,Sharjah,2024-10-20
CUST-10015,Gautam Chawla,wdutt@example.org,02387430610,Ajman,2024-07-03
CUST-10016,Riya Chatterjee,matthew85@example.com,7836288409,Sharjah,2025-02-11
CUST-10017,Dhriti Chanda,hayrejagat@example.com,06164137109,Sharjah,2024-06-08
CUST-10018,Timothy Ganguly,vorayuvraj@example.com,02637317579,Ajman,2025-04-14
CUST-10019,Rohan Mahajan,turvi82@example.org,08193052680,Ajman,2025-05-25
CUST-10020,Yachana Luthra,kashishkapadia@example.net,06572011071,Sharjah,2024-09-30
CUST-10021,Yug Kala,brindasarna@example.org,+917538968143,Sharjah,2024-08-14
CUST-10022,Shaurya Mann,urvashi34@example.com,7346137258,Abu Dhabi,2024-05-04
CUST-10023,Aarna Kalita,barkha04@example.org,+919752519307,Dubai,2024-08-11
CUST-10024,Manya Dave,kamya42@example.net,+919308746006,Abu Dhabi,2025-04-18
CUST-10025,Chatresh Chaudhari,qmukhopadhyay@example.com,+910548602775,Ajman,2024-12-15
CUST-10026,Damini Narang,camble@example.net,5145926890,Dubai,2024-11-25
CUST-10027,Jagdish Gopal,sanghageetika@example.org,9704390209,Dubai,2025-12-27
CUST-10028,Edhitha Mand,sandhuxalak@example.net,+910028638723,Ajman,2025-07-29
CUST-10029,Vedant Natarajan,chandaaadhya@example.com,4857656648,Abu Dhabi,2026-01-30
CUST-10030,Amaira Mann,mswamy@example.net,09349030936,Ajman,2025-03-05
CUST-10031,Daksh Bassi,ekaraj38@example.com,2991571559,Sharjah,2024-10-21
CUST-10032,Aadi Kuruvilla,yochana81@example.net,+914814237842,Sharjah,2024-06-10
CUST-10033,Tamanna Talwar,ikbal05@example.org,3437509833,Dubai,2025-09-11
CUST-10034,Pooja Krishnamurthy,ikshita38@example.net,09378162382,Sharjah,2024-05-03
CUST-10035,Karan Dugal,jack50@example.com,05531099808,Abu Dhabi,2024-08-25
CUST-10036,Veer Buch,anitaghose@example.org,3283928118,Sharjah,2025-11-11
CUST-10037,Alexander Bassi,solankijalsa@example.org,09547469804,Dubai,2026-03-08
CUST-10038,Anirudh Trivedi,udantradhakrishnan@example.com,09294022056,Sharjah,2026-01-30
CUST-10039,Kritika Raval,opadmanabhan@example.com,5942738292,Ajman,2025-01-03
CUST-10040,Rachana Tripathi,chackomanya@example.com,+916774308928,Abu Dhabi,2024-06-08
CUST-10041,Sanaya Gole,kritikachaudhary@example.com,09200459845,Ajman,2025-12-07
CUST-10042,Varenya Bath,vinaya56@example.org,03271744812,Dubai,2026-03-21
CUST-10043,Irya Venkataraman,xvarma@example.net,3612501911,Ajman,2024-11-26
CUST-10044,Tripti Gera,mahikanarula@example.net,6595346455,Dubai,2026-03-17
CUST-10045,Adweta Raval,madanurvi@example.com,01219654307,Dubai,2026-02-06
CUST-10046,Vanya Mukhopadhyay,yashawini25@example.com,09481717354,Dubai,2026-03-15
CUST-10047,Amrita Reddy,jaichowdhury@example.org,+911960477372,Abu Dhabi,2025-02-24
CUST-10048,Ojas Srinivasan,dshroff@example.net,+915778536532,Abu Dhabi,2025-04-13
CUST-10049,Vinaya Batta,gunbirnarain@example.net,04569718482,Ajman,2025-03-02
CUST-10050,Champak Merchant,daksh17@example.net,5853819106,Sharjah,2024-04-27
CUST-10051,Alka Raman,lsharma@example.net,4938108070,Sharjah,2024-09-21
CUST-10052,Hemani Dixit,yuvraj41@example.com,0983960667,Dubai,2025-01-22
CUST-10053,Harsh Deshpande,zayandas@example.net,+916113023650,Ajman,2024-10-29
CUST-10054,Yashoda Gala,nben@example.org,04086185482,Dubai,2025-03-15
CUST-10055,Nimrat Sachdev,nachiket44@example.net,6432427734,Abu Dhabi,2024-06-16
CUST-10056,Unni Loyal,varenya24@example.net,1232853076,Dubai,2025-07-01
CUST-10057,Michael Jaggi,ekaja11@example.net,2502370714,Sharjah,2025-04-01
CUST-10058,Aahana Dugar,gaganraj@example.org,+913080008306,Ajman,2024-08-30
CUST-10059,Ojasvi Nagarajan,priya78@example.org,01003831973,Ajman,2024-05-29
CUST-10060,Bhavya Mohanty,deepvarsha@example.com,+918773926113,Dubai,2025-01-21
CUST-10061,Azad Raj,ipalla@example.net,2380790035,Ajman,2025-04-11
CUST-10062,Agastya Mahajan,aahanalall@example.org,+919721426455,Dubai,2024-08-12
CUST-10063,Amruta Rana,vohraurishilla@example.net,08651029819,Sharjah,2025-03-09
CUST-10064,Veda Varghese,saranvanya@example.com,3087101903,Ajman,2024-07-06
CUST-10065,Dayamai Kata,saibrar@example.net,+918763409738,Sharjah,2025-05-26
CUST-10066,Gagan Patil,forum30@example.org,4424798994,Abu Dhabi,2025-05-30
CUST-10067,Bhavika Venkatesh,quincy72@example.net,+914251786960,Abu Dhabi,2025-12-10
CUST-10068,Gayathri Samra,prasadpushti@example.net,01888343764,Dubai,2025-02-14
CUST-10069,Aarush Barad,kashvidevi@example.net,1971170791,Ajman,2026-03-07
CUST-10070,Dipta Barman,senguptatanveer@example.com,4596479604,Sharjah,2024-11-03
CUST-10071,Rushil Bobal,yshetty@example.org,08456801585,Abu Dhabi,2024-09-09
CUST-10072,Chanakya Sachdev,nmane@example.org,03357392367,Dubai,2024-10-10
CUST-10073,Anmol Pillai,vasatikasekhon@example.org,8884793643,Dubai,2025-01-27
CUST-10074,Turvi Jani,riyakuruvilla@example.com,02619604881,Sharjah,2024-10-10
CUST-10075,Rajeshri Rai,rachitathaman@example.com,07913372184,Ajman,2025-07-08
CUST-10076,Ekanta Kanda,wadhwaatharv@example.com,+912431380733,Dubai,2025-05-14
CUST-10077,Fitan Vora,dindayamai@example.org,4510023550,Abu Dhabi,2025-11-22
CUST-10078,Kala Tella,warindernigam@example.org,6035550124,Dubai,2025-09-05
CUST-10079,William Kothari,mvarty@example.net,00724979031,Ajman,2024-06-02
CUST-10080,Falan Dixit,patrickkhanna@example.net,03442463313,Abu Dhabi,2025-03-30
CUST-10081,Devansh Som,zzacharia@example.com,02652774454,Sharjah,2024-05-22
CUST-10082,Vidhi Malhotra,madantripti@example.org,6404300673,Dubai,2025-12-15
CUST-10083,Yatin Biswas,esampath@example.com,4124327134,Sharjah,2025-01-21
CUST-10084,Megha Golla,ojasvi14@example.net,+919603035121,Abu Dhabi,2025-01-29
CUST-10085,Sachi Sharaf,ayaan79@example.org,+912101089272,Sharjah,2024-05-29
CUST-10086,Edhitha Srinivasan,charyadavi@example.org,09032400539,Ajman,2025-03-04
CUST-10087,Omkaar Srivastava,sundaramomaja@example.org,1852913840,Abu Dhabi,2024-09-30
CUST-10088,Vidhi Guha,yochana22@example.com,+917964548356,Abu Dhabi,2025-04-18
CUST-10089,Yasti Parikh,aryan81@example.org,5177210632,Dubai,2026-01-07
CUST-10090,Nirja Goswami,falak91@example.com,4030651605,Sharjah,2025-03-13
CUST-10091,Wyatt Kaur,kbutala@example.net,01478179429,Abu Dhabi,2025-03-21
CUST-10092,Lila Deol,quincykuruvilla@example.org,3137399485,Abu Dhabi,2025-07-09
CUST-10093,Rehaan Tiwari,anneinaya@example.org,01395950622,Ajman,2025-11-26
CUST-10094,Bina Mandal,orinderbasu@example.net,+915160282963,Dubai,2024-12-13
CUST-10095,Qarin Tandon,wsekhon@example.net,5452509186,Dubai,2024-09-05
CUST-10096,Veer Mitra,ptiwari@example.com,08080675922,Ajman,2024-12-02
CUST-10097,Jack Barman,onarayan@example.net,+913092334711,Sharjah,2024-08-14
CUST-10098,Anirudh Saxena,netra40@example.net,2311296491,Ajman,2025-08-14
CUST-10099,Yasti Khanna,rajeshribrahmbhatt@example.org,6955883395,Sharjah,2026-03-12
CUST-10100,Rachana Wable,oedwin@example.org,07666358239,Ajman,2024-05-13
CUST-10101,Victor Dutt,gauravuppal@example.org,09306408226,Sharjah,2025-01-31
CUST-10102,Oliver Peri,farajjoshi@example.net,8258477193,Dubai,2025-09-19
CUST-10103,Pushti Sheth,quincymaster@example.org,0309921066,Ajman,2025-04-25
CUST-10104,Anmol Mall,wpadmanabhan@example.org,05187201689,Dubai,2026-02-21
CUST-10105,Ekavir Soni,nirja55@example.net,+916410388104,Sharjah,2025-11-03
CUST-10106,Matthew Vig,peternath@example.org,9069300536,Ajman,2024-12-26
CUST-10107,Ekta Garde,dalaja45@example.net,+912779594936,Dubai,2025-12-09
CUST-10108,Netra Ghosh,shivanipandit@example.com,0097927460,Sharjah,2025-10-28
CUST-10109,Garima Varkey,pyogi@example.org,0767292077,Ajman,2024-10-13
CUST-10110,Vasudha Kulkarni,omaja93@example.net,+915428242664,Abu Dhabi,2024-10-09
CUST-10111,Hritik Tara,manebaljiwan@example.net,9165161797,Sharjah,2024-08-03
CUST-10112,Nitesh Bajwa,rattahitesh@example.com,+919715562325,Abu Dhabi,2024-04-24
CUST-10113,Ikshita Dutta,kalajason@example.org,+916420676484,Ajman,2025-11-13
CUST-10114,Azaan Natt,chandreshwadhwa@example.org,04148460367,Abu Dhabi,2025-07-31
CUST-10115,Harsh Randhawa,salviekapad@example.org,02268251820,Dubai,2025-12-12
CUST-10116,Mason Chacko,bhatnagarvictor@example.net,+913274940224,Ajman,2025-08-08
CUST-10117,Alka Kibe,vamakshi74@example.org,07632506531,Sharjah,2025-01-07
CUST-10118,Oviya Sankaran,gardehemani@example.com,01606202510,Abu Dhabi,2026-02-04
CUST-10119,Zansi Krishnamurthy,farisgill@example.net,0943170920,Ajman,2024-09-30
CUST-10120,Arin Cherian,masterethan@example.org,09595092762,Dubai,2026-01-26
CUST-10121,Chatura Deo,dsheth@example.net,6529506049,Dubai,2024-11-24
CUST-10122,Rajeshri Prakash,zjoshi@example.org,08497715283,Dubai,2026-01-22
CUST-10123,Lakshit Krishnan,dhaliwalayushman@example.com,04607498420,Abu Dhabi,2026-02-22
CUST-10124,Abdul Keer,ekapadnagi@example.com,+915003248148,Ajman,2025-08-01
CUST-10125,Chakradev Yogi,indrajit64@example.org,+911907165300,Ajman,2024-08-20
CUST-10126,Theodore Vasa,rajanira@example.net,9991223548,Ajman,2024-08-27
CUST-10127,William Gour,odara@example.org,0486188217,Dubai,2024-06-03
CUST-10128,Girindra Purohit,hardikdoctor@example.org,8397956250,Sharjah,2024-07-18
CUST-10129,Chandran Tailor,gabrielrama@example.org,01637096351,Ajman,2025-05-28
CUST-10130,Lohit Iyer,niharika76@example.org,09308079997,Dubai,2026-01-03
CUST-10131,Omkaar Chander,ekantikapalan@example.com,8490884022,Dubai,2025-10-19
CUST-10132,Nitara Saran,irapal@example.com,+917296840704,Dubai,2024-10-22
CUST-10133,Prisha Johal,qbora@example.net,2475241926,Sharjah,2025-11-29
CUST-10134,Hiral Varghese,shenoydhriti@example.net,1905265566,Ajman,2026-03-29
CUST-10135,Umang Krish,harishchada@example.org,+918162516772,Dubai,2024-11-11
CUST-10136,Wyatt Kata,olivercherian@example.net,03009635057,Abu Dhabi,2024-09-02
CUST-10137,Lopa Saxena,ansh58@example.net,06649587502,Dubai,2025-07-05
CUST-10138,Xalak Lal,venkateshchaitaly@example.net,+910807465697,Sharjah,2024-07-05
CUST-10139,Gaurika Halder,nhari@example.net,7637216314,Ajman,2026-01-13
CUST-10140,Jatin Ghose,tnagy@example.com,+915496207815,Abu Dhabi,2026-03-17
CUST-10141,Pahal Dube,sarmatanmayi@example.org,04260967482,Dubai,2024-10-26
CUST-10142,Girik Mangat,ishani72@example.com,+913662734974,Abu Dhabi,2024-05-06
CUST-10143,Omya Nagi,warriorinaya@example.com,8392966994,Dubai,2024-11-05
CUST-10144,Varsha Shetty,tsastry@example.net,5190707094,Sharjah,2025-09-16
CUST-10145,Bishakha Magar,mekhalakonda@example.net,9731589119,Ajman,2025-04-18
CUST-10146,Nandini Walla,ladekaja@example.org,+916038894662,Dubai,2024-08-25
CUST-10147,Nitara Mohanty,pillaitejas@example.org,09935023437,Ajman,2025-05-22
CUST-10148,Vasudha Nayar,kchand@example.net,+912468462247,Ajman,2025-04-01
CUST-10149,Fiyaz Johal,neelima15@example.org,2771396261,Dubai,2026-04-10
CUST-10150,Baghyawati Dhaliwal,kondaryan@example.net,+917529594102,Ajman,2026-01-06
CUST-10151,Jeremiah Kala,nathankannan@example.org,02054828098,Sharjah,2024-10-11
CUST-10152,Chaitaly Sharma,mpradhan@example.org,+911601621878,Dubai,2024-11-06
CUST-10153,Kabir Doctor,adash@example.com,2172352503,Sharjah,2024-04-25
CUST-10154,Balhaar Mitra,omishavora@example.org,05324474152,Sharjah,2025-04-05
CUST-10155,Sanya Krish,isha@example.org,+915804579099,Dubai,2025-04-30
CUST-10156,Simon Jaggi,etasinha@example.net,+911094750828,Ajman,2026-03-24
CUST-10157,Jagrati Kanda,anyaloke@example.net,2311250571,Abu Dhabi,2024-10-02
CUST-10158,Yatan Pai,harionveer@example.org,4167577806,Sharjah,2025-12-13
CUST-10159,Robert Shenoy,fsangha@example.com,07810269369,Sharjah,2024-10-27
CUST-10160,Sanaya Natarajan,bimala97@example.com,06553978840,Dubai,2025-03-11
CUST-10161,Logan Kara,girish55@example.net,2834711230,Dubai,2025-10-03
CUST-10162,Siya Choudhury,vanshamander@example.net,8507343185,Ajman,2024-05-01
CUST-10163,Triveni Sandhu,jairajbala@example.com,+917739044944,Dubai,2025-05-10
CUST-10164,Oviya Joshi,nidraghosh@example.net,04441867176,Ajman,2024-10-26
CUST-10165,Hemal Sengupta,somkabir@example.net,6880332349,Sharjah,2024-09-08
CUST-10166,Yashica Chhabra,rajuhredhaan@example.net,+916428238727,Ajman,2025-04-12
CUST-10167,Inaya Cherian,harrison95@example.com,01849358719,Ajman,2025-07-25
CUST-10168,Kai Mohanty,bumbforum@example.com,7296676848,Ajman,2025-01-31
CUST-10169,Eta Madan,akurian@example.net,+910317758874,Sharjah,2025-03-17
CUST-10170,Aachal Zacharia,jai64@example.net,3949197821,Sharjah,2025-12-01
CUST-10171,Vanya Shere,gagansetty@example.com,08485682305,Abu Dhabi,2025-08-28
CUST-10172,Anita Ganesh,chasmum23@example.org,+912658124958,Ajman,2026-01-29
CUST-10173,Jalsa Kanda,etaahuja@example.net,03590557822,Ajman,2026-01-11
CUST-10174,Aadhya Butala,kdutta@example.org,+914363235114,Abu Dhabi,2026-01-21
CUST-10175,Saksham Grover,veerbhakta@example.com,09927553272,Sharjah,2024-10-18
CUST-10176,David Behl,ekalinga36@example.org,0985557050,Ajman,2026-03-24
CUST-10177,Laban Rastogi,jai74@example.org,8884193134,Dubai,2025-08-02
CUST-10178,Ishita Patil,chatterjeechaman@example.com,06403601846,Abu Dhabi,2024-05-25
CUST-10179,Dalbir Thakkar,shenoypatrick@example.org,9298098681,Abu Dhabi,2024-06-09
CUST-10180,Vedika Seth,chadgauri@example.org,06917259480,Sharjah,2026-04-04
CUST-10181,Pavani Chad,rajakrish@example.net,00901969302,Sharjah,2025-10-25
CUST-10182,Osha Parmer,fiyaz05@example.net,3130774082,Ajman,2025-04-18
CUST-10183,Upadhriti Rana,edwinkaran@example.net,8481751929,Abu Dhabi,2024-07-16
CUST-10184,Charita Tripathi,zvarkey@example.net,0175981802,Sharjah,2025-10-28
CUST-10185,Charita Walia,hiteshdeshpande@example.net,03275276376,Dubai,2024-10-30
CUST-10186,Manbir Bumb,trivedidayamai@example.com,2210193284,Sharjah,2026-04-10
CUST-10187,Balendra Devi,phans@example.net,8292229459,Abu Dhabi,2025-06-22
CUST-10188,Chaitaly Peri,sagarbrinda@example.net,03062615661,Abu Dhabi,2025-03-01
CUST-10189,Charan Nadig,maharajhemal@example.net,0717450128,Abu Dhabi,2024-05-05
CUST-10190,Jatin Salvi,kbora@example.com,+916376438977,Abu Dhabi,2025-02-10
CUST-10191,Wakeeta Lala,brijesh28@example.com,09994765729,Dubai,2025-10-26
CUST-10192,Falak Bhagat,manya38@example.com,+912291334545,Ajman,2026-01-23
CUST-10193,Owen Sarkar,yadavkabir@example.net,2762951520,Sharjah,2025-06-27
CUST-10194,Frederick Rattan,qkeer@example.net,7287416360,Abu Dhabi,2024-05-12
CUST-10195,Zayan Thakur,rajudamyanti@example.org,+918780962460,Abu Dhabi,2026-02-09
CUST-10196,Kamya Bath,pkarnik@example.com,+917266959149,Abu Dhabi,2024-12-25
CUST-10197,Radhika Gill,dgrewal@example.net,3303906059,Ajman,2025-10-26
CUST-10198,Logan Seth,lmani@example.org,07036273587,Dubai,2026-03-17
CUST-10199,Champak Patel,aahanagupta@example.com,6923050629,Ajman,2024-05-29
CUST-10200,Owen Dash,chawlaimaran@example.org,03311585705,Ajman,2025-09-18
CUST-10201,Lakshmi Chowdhury,xsehgal@example.org,+916816461945,Dubai,2024-05-03
CUST-10202,Ishanvi Varma,rmorar@example.com,+917986709984,Sharjah,2026-04-07
CUST-10203,Omkaar Goel,wadhwaati@example.org,7467923728,Dubai,2025-07-19
CUST-10204,Agastya Nagy,sarkarqadim@example.net,05753205945,Dubai,2025-07-21
CUST-10205,Chandani Bhardwaj,david36@example.net,03155153872,Ajman,2025-10-18
CUST-10206,Jasmit Ratta,kashvi62@example.org,6703891298,Sharjah,2026-02-27
CUST-10207,Ryan Kamdar,shenoydakshesh@example.org,03383599613,Sharjah,2025-11-09
CUST-10208,Shivani Mani,rkumer@example.org,01640566943,Dubai,2025-04-29
CUST-10209,Tanvi Bajaj,tanejaadvay@example.com,3860631246,Sharjah,2025-01-06
CUST-10210,Harrison Bhandari,pmitter@example.org,+915743049624,Sharjah,2024-07-08
CUST-10211,Siya Mall,ipai@example.net,+917777037796,Sharjah,2024-10-07
CUST-10212,Anirudh Jain,ijaya98@example.org,+916440193157,Ajman,2025-03-02
CUST-10213,Omaja Padmanabhan,virkaarush@example.net,01950359292,Abu Dhabi,2024-12-12
CUST-10214,Wahab Narang,chaaya25@example.net,1087757644,Abu Dhabi,2026-03-14
CUST-10215,Vanya Badami,ssabharwal@example.org,4510830542,Ajman,2026-01-27
CUST-10216,Krisha Doshi,zinal22@example.org,4167286177,Sharjah,2025-08-01
CUST-10217,Saanvi Dani,chaitaly75@example.com,4170475279,Sharjah,2024-12-01
CUST-10218,Madhavi Jha,venkataramanaarav@example.org,+913266846767,Abu Dhabi,2025-12-26
CUST-10219,Abeer Walla,jmann@example.org,+917676597929,Dubai,2024-11-09
CUST-10220,Anika Dhingra,veer89@example.org,00776180889,Abu Dhabi,2025-10-06
CUST-10221,Eiravati Mitra,qbaria@example.com,8787260187,Dubai,2024-09-15
CUST-10222,Saksham Prabhakar,cmajumdar@example.org,04672507918,Ajman,2025-09-09
CUST-10223,Radha Purohit,rkumar@example.com,4125088378,Ajman,2024-06-15
CUST-10224,Veda Dua,grewalnicholas@example.org,4564266669,Abu Dhabi,2024-06-09
CUST-10225,Urmi Varkey,ydhillon@example.com,+917968232030,Ajman,2026-01-23
CUST-10226,Yahvi Kadakia,ladlibahri@example.com,1405388171,Dubai,2025-01-09
CUST-10227,Nilima Gour,tarak61@example.com,+912440625043,Abu Dhabi,2025-10-04
CUST-10228,Azad Jani,uwalla@example.org,06250219870,Abu Dhabi,2024-08-18
CUST-10229,Manthan Seshadri,vivaan12@example.net,+917656817785,Sharjah,2025-05-08
CUST-10230,Oni Wagle,ubikadeshpande@example.net,+918705689872,Abu Dhabi,2025-08-19
CUST-10231,Zilmil Mannan,vivaanshukla@example.com,06350693158,Ajman,2024-07-24
CUST-10232,Adya Toor,onirana@example.org,8947127957,Sharjah,2024-12-28
CUST-10233,Ijaya Chander,battaikshita@example.com,1184846552,Sharjah,2025-03-31
CUST-10234,Faqid Talwar,spanchal@example.net,+911667657521,Ajman,2024-07-18
CUST-10235,Nisha Dara,hmerchant@example.org,+913757693461,Dubai,2024-06-10
CUST-10236,Harita Issac,dhawanaarav@example.com,+916561234307,Ajman,2025-06-17
CUST-10237,Chatresh Rana,ktaneja@example.com,2275335359,Ajman,2024-08-02
CUST-10238,Advay Saran,singhalchavvi@example.net,4416770062,Abu Dhabi,2025-02-26
CUST-10239,Bishakha Sen,golaanthony@example.org,+917363325263,Dubai,2024-12-05
CUST-10240,Lekha Khanna,michaelmody@example.com,+919235663341,Sharjah,2024-12-14
CUST-10241,Chaman Gokhale,vedhika22@example.org,0783119580,Abu Dhabi,2025-05-21
CUST-10242,Meghana Manda,lilasarraf@example.com,0012530380,Sharjah,2025-02-08
CUST-10243,Yamini Walia,trau@example.net,06303432916,Abu Dhabi,2024-10-04
CUST-10244,Yatan Dass,gaurikagala@example.com,03310001233,Ajman,2024-11-16
CUST-10245,Zayyan Bhat,ibose@example.com,+913095147802,Abu Dhabi,2025-06-19
CUST-10246,Faras Raja,aptelakshit@example.org,0432331249,Ajman,2025-01-25
CUST-10247,Wakeeta Om,kondayash@example.net,00753504692,Dubai,2025-11-25
CUST-10248,Urvi Nath,mitalisaac@example.net,09896687004,Dubai,2025-07-22
CUST-10249,Pushti Baria,yohannanveda@example.com,+917093575752,Dubai,2024-10-19
CUST-10250,Ekta Shankar,edwinkashish@example.org,8868794569,Abu Dhabi,2025-01-01
CUST-10251,Vasatika Suresh,fnair@example.com,+919548667637,Sharjah,2025-06-28
CUST-10252,Nitesh Walla,imaran68@example.org,4639844216,Abu Dhabi,2026-01-25
CUST-10253,Meghana Kurian,qsom@example.org,2812921756,Abu Dhabi,2025-08-26
CUST-10254,Abeer Rout,hchauhan@example.org,2187636556,Abu Dhabi,2025-10-19
CUST-10255,Amol Mallick,gavinnanda@example.com,02459189894,Abu Dhabi,2024-08-17
CUST-10256,Lipika Kata,raghavshenoy@example.net,+916238275751,Sharjah,2024-12-14
CUST-10257,Nachiket Dhar,jalsadatta@example.net,02036961712,Sharjah,2025-11-02
CUST-10258,Arunima Chakrabarti,kritikasavant@example.net,+915763711232,Sharjah,2024-08-04
CUST-10259,Bachittar Chaudhry,omallick@example.org,06169120779,Sharjah,2024-08-26
CUST-10260,Eta Patla,veerrai@example.net,+917483094680,Sharjah,2025-09-27
CUST-10261,Kai Borah,xiti33@example.com,8615367063,Abu Dhabi,2024-06-24
CUST-10262,Leela Agarwal,danielborah@example.net,+911312683963,Dubai,2024-08-19
CUST-10263,Odika Handa,isrivastava@example.net,6099434694,Dubai,2024-11-13
CUST-10264,Nathaniel Devan,falgunikala@example.net,+915766724852,Abu Dhabi,2025-08-29
CUST-10265,Netra Lata,mitterudant@example.org,8696557456,Abu Dhabi,2025-02-04
CUST-10266,Faraj Dhawan,bkapadia@example.com,+913605238725,Dubai,2025-08-27
CUST-10267,Yoshita Kala,tgole@example.com,6933457971,Abu Dhabi,2025-06-01
CUST-10268,Falak Vala,npandya@example.net,0617838614,Sharjah,2025-09-01
CUST-10269,Sneha Zacharia,dayalquincy@example.net,07514997030,Ajman,2024-10-31
CUST-10270,Kamala Bhalla,lipikamaharaj@example.net,08137397161,Dubai,2025-10-27
CUST-10271,Pranav Madan,wazirkashyap@example.org,05218207021,Abu Dhabi,2025-12-02
CUST-10272,Gayathri Seshadri,mthaman@example.com,5675743140,Dubai,2025-03-24
CUST-10273,Yug Seshadri,sacharreyansh@example.com,02321253815,Abu Dhabi,2025-02-20
CUST-10274,Pallavi Kalita,dugardivya@example.com,+916226913769,Ajman,2024-11-10
CUST-10275,Praneel Sheth,dalajaganesh@example.com,3689974931,Dubai,2025-02-21
CUST-10276,Hema Gupta,sawhneysiddharth@example.org,07465672112,Dubai,2026-04-06
CUST-10277,Warhi Gupta,banerjeerachita@example.com,+916900208489,Ajman,2025-11-21
CUST-10278,Ayush Bhakta,chaaya46@example.net,03326835518,Sharjah,2025-11-16
CUST-10279,Wridesh Banerjee,balaygeetika@example.com,08457306495,Abu Dhabi,2025-01-16
CUST-10280,Faraj Reddy,xbakshi@example.com,07998786118,Ajman,2025-11-17
CUST-10281,Advika Khurana,prashadpratyush@example.org,05702228860,Ajman,2024-10-11
CUST-10282,Saumya Chand,tanmayi78@example.com,02100736826,Abu Dhabi,2024-08-18
CUST-10283,Rushil Chahal,vincent97@example.com,4440736357,Abu Dhabi,2024-07-09
CUST-10284,Tara Apte,iyengaravni@example.net,07951345922,Dubai,2024-08-02
CUST-10285,Benjamin Gulati,rajaharshil@example.net,2898161993,Ajman,2025-09-14
CUST-10286,Chatura Parmar,rajadipta@example.com,06589691045,Ajman,2025-06-24
CUST-10287,Akshay Sachdeva,pparmer@example.org,09437847394,Abu Dhabi,2025-07-22
CUST-10288,Veer Ratti,qvyas@example.com,09465379322,Abu Dhabi,2025-03-04
CUST-10289,Sai Oommen,badamivictor@example.com,0294204088,Sharjah,2024-06-01
CUST-10290,Victor Dua,vedhikabalay@example.org,03808413461,Sharjah,2025-04-15
CUST-10291,Hiral Bassi,om04@example.com,4203282953,Sharjah,2026-01-08
CUST-10292,Ekta Chatterjee,jatinbrahmbhatt@example.org,+911076761115,Abu Dhabi,2025-09-07
CUST-10293,Jagrati Swamy,arunimamann@example.net,+910547128008,Abu Dhabi,2024-07-29
CUST-10294,Darika Varty,jtank@example.org,+919278830611,Ajman,2024-09-20
CUST-10295,Anthony Ahluwalia,bimala11@example.net,+910782014846,Sharjah,2026-04-14
CUST-10296,Nidhi Bhatti,hparmer@example.net,+912408858145,Sharjah,2025-05-15
CUST-10297,Aditya Madan,oviya81@example.net,+919187840405,Ajman,2025-09-04
CUST-10298,Yutika Saini,jatin40@example.net,1483221965,Sharjah,2026-01-30
CUST-10299,Yachana Yohannan,virajlata@example.com,+912653568406,Dubai,2024-10-17
CUST-10300,Varenya Shenoy,vrishtikale@example.org,05203455554,Sharjah,2024-12-11
CUST-10301,Nitesh Hans,wrideshkaur@example.org,05336764447,Ajman,2024-11-21
CUST-10302,Vivaan Deep,lbhakta@example.com,08394198167,Ajman,2024-05-12
CUST-10303,Lopa Randhawa,advikaboase@example.net,+911899617960,Dubai,2025-06-10
CUST-10304,Adya Khare,zbalay@example.net,02100371140,Sharjah,2025-04-24
CUST-10305,Jeremiah Saraf,waglemax@example.com,1316455175,Dubai,2025-04-14
CUST-10306,Mohini Venkataraman,manetristan@example.org,+918981706329,Ajman,2024-12-03
CUST-10307,Chatresh Ghose,saibabu@example.com,8892416326,Ajman,2025-05-30
CUST-10308,Dhriti Dash,eiravati89@example.com,05650325138,Dubai,2025-12-23
CUST-10309,Janya Din,hrajan@example.com,05926683663,Dubai,2024-11-25
CUST-10310,Bahadurjit Mitra,rajbishakha@example.com,+910133096975,Sharjah,2025-02-26
CUST-10311,Gauri Pant,tjani@example.org,7839183363,Dubai,2026-01-26
CUST-10312,Shaurya Divan,gopalabhiram@example.net,2641868401,Ajman,2025-05-16
CUST-10313,Banjeet Dey,chakrabortywriddhish@example.org,+911927947896,Abu Dhabi,2025-02-28
CUST-10314,Ria Anne,mugdhasoman@example.net,+913122138393,Sharjah,2025-12-24
CUST-10315,Qasim Srinivasan,diya37@example.net,02645523138,Dubai,2025-07-27
CUST-10316,Balveer Oommen,wahab52@example.net,05402540102,Dubai,2025-06-07
CUST-10317,Arya Natarajan,vasudha23@example.com,+919061172208,Ajman,2025-01-17
CUST-10318,Yahvi Krish,ubhatti@example.com,+911430908784,Dubai,2025-03-28
CUST-10319,Siya Kara,ojas19@example.org,05584377776,Dubai,2025-08-12
CUST-10320,William Sibal,biswasreva@example.net,08201954297,Dubai,2026-01-31
CUST-10321,Harini Arora,joshua87@example.net,+913276707936,Sharjah,2026-02-18
CUST-10322,Ansh Dash,lsankaran@example.com,9155214929,Abu Dhabi,2024-10-18
CUST-10323,Hardik Devi,gauri43@example.net,+913162724390,Sharjah,2024-12-10
CUST-10324,Ekaraj Bakshi,baghyawati19@example.net,09560850158,Abu Dhabi,2026-03-11
CUST-10325,Anirudh Thakkar,azaanratti@example.org,+919606157615,Sharjah,2024-06-14
CUST-10326,Eta Palla,patilbhavika@example.org,+917168078535,Ajman,2026-01-28
CUST-10327,Wishi Chander,ladrachita@example.org,+919788770125,Dubai,2025-10-09
CUST-10328,Zayan Mitter,fvala@example.com,+917343513022,Sharjah,2024-12-07
CUST-10329,Yash Kade,aryan04@example.net,+910056342373,Dubai,2025-10-24
CUST-10330,Vanya Shere,praneel40@example.com,+910401653840,Sharjah,2025-09-06
CUST-10331,Xiti Patel,suralopa@example.com,+912045972580,Abu Dhabi,2025-07-11
CUST-10332,Harini Bora,dhruvsinha@example.com,+919827734391,Sharjah,2025-07-26
CUST-10333,Charvi Bhargava,vihaan41@example.net,09704357805,Sharjah,2025-04-01
CUST-10334,Jason Goel,hitesh68@example.com,7052018941,Ajman,2024-09-25
CUST-10335,Chatura Sachdeva,kotajatin@example.net,08416056901,Sharjah,2024-12-22
CUST-10336,Kamya Rau,lalanya@example.net,02984211428,Dubai,2025-11-14
CUST-10337,Jacob Varty,chandrajai@example.org,8380064625,Ajman,2025-12-27
CUST-10338,Abeer Mittal,neel88@example.net,+910045980369,Abu Dhabi,2025-02-21
CUST-10339,Urmi Narain,dhaliwalchanakya@example.com,00558743959,Sharjah,2025-08-30
CUST-10340,Vinaya Vala,aadhya18@example.org,01403703080,Sharjah,2025-09-19
CUST-10341,Ekaraj Hans,natarajanbhavya@example.net,08812084983,Ajman,2026-04-02
CUST-10342,Advika Chowdhury,ldesai@example.net,2754720839,Sharjah,2026-03-29
CUST-10343,Ayush Chaudhry,shankarjagrati@example.com,+910981848054,Dubai,2025-04-15
CUST-10344,Tanmayi Devi,sarnaneel@example.org,3599043158,Dubai,2024-06-11
CUST-10345,Yashodhara Dewan,yochana55@example.org,7091532750,Dubai,2025-10-25
CUST-10346,Dhriti Kala,isehgal@example.org,0754882815,Sharjah,2025-10-29
CUST-10347,Siddharth Sule,xavier69@example.com,08720480196,Sharjah,2025-01-19
CUST-10348,Mohini Kumer,udant74@example.org,07864606130,Abu Dhabi,2025-07-20
CUST-10349,Qushi Arora,qprakash@example.com,08848875798,Ajman,2024-06-20
CUST-10350,Patrick Chaudry,leenagoda@example.org,6492966242,Abu Dhabi,2025-09-04
CUST-10351,Adya Mani,chaaya17@example.net,5580833987,Ajman,2025-05-07
CUST-10352,Hardik Magar,ekavir43@example.org,00370038002,Dubai,2024-06-09
CUST-10353,Dalbir Chanda,kalitawaida@example.net,8855472677,Abu Dhabi,2026-03-24
CUST-10354,Faras Batta,parthraman@example.org,03829781093,Abu Dhabi,2025-06-18
CUST-10355,Manbir Chandra,iraval@example.net,7774958128,Abu Dhabi,2025-03-24
CUST-10356,Triveni Manda,vanyagrover@example.net,5830708482,Abu Dhabi,2025-01-23
CUST-10357,Krish Rajan,biswasaarav@example.com,9524772471,Sharjah,2024-04-25
CUST-10358,Matthew Vyas,hemangini86@example.org,08723062934,Ajman,2026-02-15
CUST-10359,Lucky Modi,bhatticaleb@example.com,05459340682,Abu Dhabi,2025-03-14
CUST-10360,Saumya Shankar,nbhagat@example.com,+917270084318,Ajman,2024-12-24
CUST-10361,Balveer Ganesh,anikaganesan@example.com,7806118429,Dubai,2025-01-22
CUST-10362,Urvi Manne,salvivasudha@example.net,9733932965,Abu Dhabi,2025-01-12
CUST-10363,Lopa Radhakrishnan,tkaur@example.com,+919814370061,Dubai,2025-10-15
CUST-10364,Tejas Bajwa,dubevritti@example.com,01011200087,Dubai,2026-03-17
CUST-10365,Gaurang Khurana,chaudharynikita@example.com,7738795191,Sharjah,2025-09-22
CUST-10366,Quincy Krish,vartybhavika@example.org,03122544403,Ajman,2024-09-11
CUST-10367,Rajeshri Sawhney,nachiketkala@example.com,+916276391239,Ajman,2025-04-17
CUST-10368,Ladli Som,kibeethan@example.org,+914255328869,Ajman,2026-01-30
CUST-10369,Lekha Bhat,zaitraramanathan@example.org,+914113646238,Abu Dhabi,2026-03-29
CUST-10370,Bachittar Kapoor,nidhi02@example.net,6457873144,Abu Dhabi,2025-08-13
CUST-10371,Simon Vasa,devanshborra@example.org,+911685620255,Ajman,2024-08-27
CUST-10372,Udant Gola,maanav77@example.net,5718937094,Ajman,2024-10-08
CUST-10373,Azad Bhasin,ryan53@example.org,8117812498,Sharjah,2025-01-16
CUST-10374,Nidra Mall,oliver37@example.com,09398018310,Ajman,2026-02-15
CUST-10375,Balendra Guha,tanishmannan@example.org,+911219503481,Sharjah,2024-04-26
CUST-10376,Jalsa Saraf,nkrishnan@example.net,4517300921,Abu Dhabi,2025-04-25
CUST-10377,Ishita Hora,aroravaishnavi@example.com,+916502511186,Ajman,2024-12-30
CUST-10378,Chaaya Chawla,janaki00@example.org,+912682921112,Ajman,2025-08-17
CUST-10379,Januja Dube,fariqthaker@example.org,8547669624,Dubai,2025-12-21
CUST-10380,Zayan Iyer,tanveeratwal@example.com,+912306851950,Dubai,2025-05-24
CUST-10381,Eiravati Arya,wazirchaudhuri@example.com,+918419608690,Sharjah,2025-05-15
CUST-10382,Yasti Nadig,falakkumer@example.org,6559399447,Abu Dhabi,2025-08-16
CUST-10383,Unni Raman,wkhosla@example.org,+918385610355,Abu Dhabi,2024-12-07
CUST-10384,Advay Char,sonideepa@example.org,00097448704,Dubai,2026-03-22
CUST-10385,Lekha Garde,obath@example.org,3423335633,Sharjah,2025-08-16
CUST-10386,Reva Bumb,watikasankaran@example.net,9866887435,Sharjah,2025-01-07
CUST-10387,David Ray,jhafaraj@example.net,+915214708420,Dubai,2025-05-27
CUST-10388,Faras Rao,parmersiya@example.net,0986481693,Ajman,2024-12-06
CUST-10389,Triveni Nigam,dyalmason@example.org,+918776992238,Sharjah,2024-09-09
CUST-10390,Bachittar Sundaram,mananmenon@example.com,08768852132,Dubai,2024-07-05
CUST-10391,Krisha Bala,wgarde@example.org,+913222193606,Dubai,2025-01-19
CUST-10392,Omya Chatterjee,hdubey@example.com,+916144778092,Dubai,2024-12-22
CUST-10393,Joshua Gokhale,harora@example.com,4759416702,Abu Dhabi,2025-03-19
CUST-10394,Deepa Mandal,ayaandoctor@example.org,+910653483308,Dubai,2025-03-26
CUST-10395,Krishna Parikh,triveni74@example.org,+916386220250,Dubai,2025-05-02
CUST-10396,Xavier Savant,yutika88@example.com,+916781527974,Sharjah,2025-10-25
CUST-10397,Barkha Shukla,edhitha24@example.net,+917838365192,Sharjah,2026-01-17
CUST-10398,Jagrati Chauhan,chackoarya@example.com,00773225474,Ajman,2024-10-10
CUST-10399,Oliver Pal,ramachandransamuel@example.com,00174758002,Dubai,2025-07-29
CUST-10400,Ryan Thaman,zbath@example.org,3286892488,Sharjah,2026-04-01
CUST-10401,Jeevika Nagy,qdhar@example.net,+917302975470,Sharjah,2025-07-05
CUST-10402,Kalpit Pillai,majumdarwarda@example.com,3366373334,Dubai,2025-03-15
CUST-10403,Aryan Lala,charles64@example.org,03219570041,Ajman,2025-10-12
CUST-10404,Atharv Behl,odhar@example.net,+917499052714,Sharjah,2025-06-30
CUST-10405,Libni Doshi,darpan48@example.org,+913996847123,Abu Dhabi,2024-06-04
CUST-10406,Sai Raghavan,zwadhwa@example.net,+914725374930,Sharjah,2024-10-19
CUST-10407,Rachita Dave,kondaharini@example.org,+915740956238,Sharjah,2025-01-16
CUST-10408,Warda Suri,samar32@example.net,+917239677336,Dubai,2026-03-05
CUST-10409,Wishi Acharya,gopal79@example.org,03314636786,Abu Dhabi,2025-12-11
CUST-10410,Jeet Garg,pandyavinaya@example.net,06058963362,Dubai,2025-08-03
CUST-10411,Ishani Kakar,tara55@example.com,+919138060975,Sharjah,2025-01-15
CUST-10412,Advaith Jha,parth80@example.org,01829451714,Sharjah,2025-12-08
CUST-10413,Teerth Kashyap,mwable@example.com,+915166984232,Ajman,2025-11-12
CUST-10414,Lohit Puri,ayushman07@example.com,01267655944,Abu Dhabi,2026-01-30
CUST-10415,Aarna Gopal,somsaumya@example.net,+917472165252,Abu Dhabi,2025-03-02
CUST-10416,Shravya Saha,bhanumati76@example.org,+916485190096,Ajman,2026-01-26
CUST-10417,Abhimanyu Ramaswamy,sameshbanerjee@example.net,6701864751,Ajman,2025-12-18
CUST-10418,Pavani Char,harinigokhale@example.com,2338102584,Abu Dhabi,2024-06-03
CUST-10419,Chanchal Singhal,balendra55@example.com,+911942260833,Ajman,2024-07-03
CUST-10420,Samuel Kant,ryan17@example.net,+914670710770,Ajman,2025-11-27
CUST-10421,Aarav Agrawal,aahana03@example.net,7164084246,Dubai,2025-05-28
CUST-10422,Qarin Char,raukrishna@example.org,2618851052,Abu Dhabi,2024-12-28
CUST-10423,Bhanumati Bail,chadmohini@example.net,03702750662,Abu Dhabi,2024-11-25
CUST-10424,Tara Radhakrishnan,chaayarege@example.org,0212425553,Ajman,2024-05-23
CUST-10425,Sarthak Brar,zrana@example.net,0623549567,Sharjah,2025-01-15
CUST-10426,Henry Bakshi,xtak@example.com,01485010705,Dubai,2024-08-27
CUST-10427,Guneet Shukla,divanekbal@example.com,05867913045,Abu Dhabi,2024-09-07
CUST-10428,Yoshita Upadhyay,rajagopalamaira@example.net,09459414973,Abu Dhabi,2024-07-08
CUST-10429,Karan Mammen,faras74@example.com,+913428311600,Sharjah,2026-04-03
CUST-10430,Bhavna Shetty,omyasule@example.net,2713994346,Abu Dhabi,2024-09-03
CUST-10431,Shravya Sarma,mannxalak@example.com,04302131003,Dubai,2025-04-30
CUST-10432,Owen Sahota,baghyawatinori@example.net,04173162989,Sharjah,2025-03-02
CUST-10433,Ranbir Doshi,abhimanyu45@example.org,+910779607756,Abu Dhabi,2026-01-09
CUST-10434,Gaurang Gala,elijah05@example.com,03459532361,Dubai,2024-06-13
CUST-10435,Nilima Subramanian,nirjasura@example.net,+917229631830,Ajman,2024-05-11
CUST-10436,Bimala Rama,farajdalal@example.com,+917762388174,Sharjah,2024-05-22
CUST-10437,Nisha Date,janakiseth@example.net,2314168668,Abu Dhabi,2025-10-21
CUST-10438,Yashoda Dass,neelima97@example.org,1208658130,Sharjah,2025-06-18
CUST-10439,Nidra Sachar,aarinikalita@example.org,+919493171847,Ajman,2025-08-03
CUST-10440,Arjun Jaggi,zchauhan@example.net,+910690773557,Ajman,2026-02-06
CUST-10441,Faris Dhingra,qlanka@example.org,0576211400,Sharjah,2024-11-27
CUST-10442,Chaitanya Nayak,varughesewarjas@example.com,06181622695,Ajman,2024-04-30
CUST-10443,Oliver Bora,charvimenon@example.com,08990206537,Sharjah,2024-06-27
CUST-10444,Jai Memon,chauhanranbir@example.com,+911790138203,Abu Dhabi,2024-05-09
CUST-10445,Samarth Suri,omishabala@example.org,09216774195,Abu Dhabi,2024-06-08
CUST-10446,Avi Subramanian,wmital@example.org,01679814010,Sharjah,2024-05-02
CUST-10447,Ekapad Ganguly,diyalanka@example.org,04622150537,Ajman,2024-09-04
CUST-10448,Charan Joshi,vasaanya@example.org,05520427300,Abu Dhabi,2026-01-08
CUST-10449,Nidhi Oommen,edhar@example.com,03214975497,Ajman,2024-12-04
CUST-10450,Dhruv Apte,vasana87@example.com,03663377363,Dubai,2026-02-19
CUST-10451,Yauvani Dass,zayyan30@example.net,6779372399,Ajman,2026-04-16
CUST-10452,Kamala Garg,anthony24@example.net,07061728904,Ajman,2025-01-20
CUST-10453,Lakshmi Raja,ayush66@example.net,08806951035,Abu Dhabi,2024-11-11
CUST-10454,Jackson Gour,bachittardubey@example.com,04536862991,Sharjah,2026-02-09
CUST-10455,Jhalak Madan,acharyaqabil@example.org,1981113963,Sharjah,2025-05-09
CUST-10456,Jeevika Kumar,senati@example.org,+916445924859,Dubai,2024-05-10
CUST-10457,Lohit Singhal,regesamarth@example.org,01490234471,Ajman,2024-06-06
CUST-10458,Frado Randhawa,irawable@example.com,4323606251,Sharjah,2024-05-10
CUST-10459,Nathaniel Jaggi,boasedivya@example.org,+913177791731,Ajman,2024-11-09
CUST-10460,Tanvi Gandhi,thamanowen@example.org,2123352811,Sharjah,2025-07-04
CUST-10461,Pavani Vala,elijah66@example.org,02792987500,Ajman,2026-01-24
CUST-10462,Zayan Jain,mayagoda@example.net,04818818778,Abu Dhabi,2024-12-27
CUST-10463,Zilmil Luthra,ktandon@example.com,5490021761,Sharjah,2025-11-21
CUST-10464,Agastya Singh,anika86@example.org,02493480594,Ajman,2024-08-24
CUST-10465,Gayathri Nanda,baralvihaan@example.org,0007047719,Dubai,2024-10-24
CUST-10466,Pratyush Sarma,dasrushil@example.net,+910487835501,Dubai,2025-11-14
CUST-10467,Ijaya Narasimhan,inayawadhwa@example.com,05848661011,Dubai,2026-01-12
CUST-10468,Maanav Sagar,vrishti39@example.com,7291431961,Abu Dhabi,2024-10-10
CUST-10469,Chaman Prabhakar,xdave@example.org,+912570246135,Dubai,2025-08-15
CUST-10470,Vasana Divan,wishinarayan@example.org,06212959693,Ajman,2025-06-02
CUST-10471,Lila Som,lopa78@example.net,+911260279011,Ajman,2025-12-24
CUST-10472,Arya Johal,charvi11@example.com,7540608860,Sharjah,2024-07-20
CUST-10473,Urmi Batra,pbanik@example.com,6684532326,Abu Dhabi,2026-03-02
CUST-10474,Benjamin Rout,radhika71@example.org,+911642926920,Abu Dhabi,2024-08-21
CUST-10475,Henry Dutt,qsingh@example.net,5103797551,Abu Dhabi,2024-11-10
CUST-10476,David Sanghvi,pbhatt@example.net,06799302698,Sharjah,2025-08-23
CUST-10477,Indira Shroff,balunnati@example.org,7625038817,Dubai,2024-07-31
CUST-10478,Falak Kamdar,guneet79@example.org,1394491317,Dubai,2025-06-03
CUST-10479,Vamakshi Dhar,woza@example.net,+919876857413,Sharjah,2024-06-10
CUST-10480,Urvashi Pillay,falan84@example.org,9214036191,Dubai,2025-06-05
CUST-10481,Arya Gola,gadesamar@example.com,4520784265,Ajman,2024-05-15
CUST-10482,Dalbir Madan,wyatt77@example.net,+914877283188,Sharjah,2026-01-07
CUST-10483,Oeshi Ramesh,cgoel@example.com,02088632345,Ajman,2024-12-15
CUST-10484,Mohini Date,chakradev18@example.net,+911339443836,Dubai,2026-04-14
CUST-10485,Aryan Bedi,chopravictor@example.org,05744821500,Ajman,2025-01-31
CUST-10486,Viraj Gola,suriidika@example.com,+917050401979,Sharjah,2026-02-25
CUST-10487,Imaran Rout,phalder@example.net,+911197519799,Ajman,2024-05-25
CUST-10488,Saanvi Narain,vanyanigam@example.com,05777947648,Dubai,2025-12-09
CUST-10489,Akshay Tiwari,palreyansh@example.net,0806436967,Abu Dhabi,2025-01-03
CUST-10490,Krishna Mittal,parmardeepa@example.com,+914608928471,Sharjah,2026-02-13
CUST-10491,Yochana Bala,charleshayre@example.net,05212601199,Abu Dhabi,2025-11-17
CUST-10492,Anmol Lal,wdave@example.com,03018407554,Abu Dhabi,2025-08-30
CUST-10493,Henry Vohra,gargjack@example.net,+913640923776,Abu Dhabi,2025-06-21
CUST-10494,Hiral Bassi,devsibal@example.com,06551217410,Sharjah,2025-11-05
CUST-10495,Max Lall,sudiksha05@example.com,3206450563,Ajman,2025-08-16
CUST-10496,Chanchal Dasgupta,samar63@example.com,+916921217881,Sharjah,2025-12-18
CUST-10497,Yoshita Rege,yoshita21@example.org,02338973279,Sharjah,2025-03-05
CUST-10498,Warjas Sankaran,madhavisawhney@example.net,01378140955,Ajman,2024-11-19
CUST-10499,Jagat Mistry,manbir70@example.org,7441955667,Abu Dhabi,2024-11-10
