restaurant_id,item_id,name,category,price,ingredients,is_vegetarian,spice_level
REST-AUH-001,ITEM-101,Samosa (2 pcs),Starter,17.4,"Potato, Peas, Spices, Pastry",True,Medium
REST-AUH-001,ITEM-102,Paneer Tikka,Starter,34.06,"Paneer, Yogurt, Spices, Bell Pepper",True,Medium
REST-AUH-001,ITEM-103,Chicken 65,Starter,39.72,"Chicken, Curry Leaves, Spices",False,Hot
REST-AUH-001,ITEM-104,Aloo Tikki Chaat,Starter,21.33,"Potato, Chickpeas, Yogurt, Tamarind",True,Mild
REST-AUH-001,ITEM-105,Chicken Seekh Kebab,Starter,43.65,"Minced Chicken, Spices, Onion",False,Medium
REST-AUH-001,ITEM-201,Paneer Butter Masala,Main Course,44.38,"Paneer, Tomato, Cream, Butter",True,Mild
REST-AUH-001,ITEM-202,Dal Makhani,Main Course,39.27,"Black Lentils, Kidney Beans, Cream",True,Mild
REST-AUH-001,ITEM-203,Palak Paneer,Main Course,40.21,"Spinach, Paneer, Spices",True,Medium
REST-AUH-001,ITEM-204,Malai Kofta,Main Course,45.4,"Cottage Cheese, Potato, Cashew Gravy",True,Mild
REST-AUH-001,ITEM-205,Chole Bhature,Main Course,39.76,"Chickpeas, Fried Bread, Spices",True,Medium
REST-AUH-001,ITEM-301,Butter Chicken,Main Course,50.84,"Chicken, Tomato, Butter, Cream",False,Mild
REST-AUH-001,ITEM-302,Chicken Tikka Masala,Main Course,51.5,"Chicken Tikka, Tomato Gravy, Cream",False,Medium
REST-AUH-001,ITEM-303,Lamb Rogan Josh,Main Course,64.99,"Lamb, Yogurt, Kashmiri Spices",False,Medium
REST-AUH-001,ITEM-304,Fish Curry,Main Course,52.81,"Fish, Coconut, Curry Leaves",False,Hot
REST-AUH-001,ITEM-305,Chicken Biryani,Main Course,47.68,"Basmati Rice, Chicken, Saffron, Spices",False,Medium
REST-AUH-001,ITEM-401,Naan,Bread,8.36,"Flour, Yogurt, Yeast",True,None
REST-AUH-001,ITEM-402,Garlic Naan,Bread,10.17,"Flour, Garlic, Butter",True,None
REST-AUH-001,ITEM-403,Butter Naan,Bread,8.88,"Flour, Butter, Milk",True,None
REST-AUH-001,ITEM-404,Tandoori Roti,Bread,5.84,Whole Wheat Flour,True,None
REST-AUH-001,ITEM-405,Jeera Rice,Rice,17.14,"Basmati Rice, Cumin Seeds",True,None
REST-AUH-001,ITEM-406,Vegetable Biryani,Rice,41.35,"Basmati Rice, Mixed Vegetables, Saffron",True,Medium
REST-AUH-001,ITEM-501,Gulab Jamun (2 pcs),Dessert,14.41,"Milk Solids, Sugar Syrup, Cardamom",True,None
REST-AUH-001,ITEM-502,Rasmalai (2 pcs),Dessert,17.39,"Cottage Cheese, Milk, Saffron",True,None
REST-AUH-001,ITEM-503,Kulfi,Dessert,19.85,"Milk, Cardamom, Pistachios",True,None
REST-AUH-001,ITEM-504,Gajar Halwa,Dessert,21.96,"Carrot, Milk, Ghee, Sugar",True,None
REST-AUH-001,ITEM-601,Masala Chai,Beverage,11.71,"Tea, Milk, Spices",True,None
REST-AUH-001,ITEM-602,Mango Lassi,Beverage,17.32,"Mango, Yogurt, Sugar",True,None
REST-AUH-001,ITEM-603,Sweet Lassi,Beverage,15.01,"Yogurt, Sugar, Cardamom",True,None
REST-AUH-001,ITEM-604,Fresh Lime Soda,Beverage,11.43,"Lime, Soda, Salt/Sugar",True,None
REST-AUH-002,ITEM-101,Samosa (2 pcs),Starter,17.12,"Potato, Peas, Spices, Pastry",True,Medium
REST-AUH-002,ITEM-102,Paneer Tikka,Starter,36.1,"Paneer, Yogurt, Spices, Bell Pepper",True,Medium
REST-AUH-002,ITEM-103,Chicken 65,Starter,38.46,"Chicken, Curry Leaves, Spices",False,Hot
REST-AUH-002,ITEM-104,Aloo Tikki Chaat,Starter,21.52,"Potato, Chickpeas, Yogurt, Tamarind",True,Mild
REST-AUH-002,ITEM-105,Chicken Seekh Kebab,Starter,43.48,"Minced Chicken, Spices, Onion",False,Medium
REST-AUH-002,ITEM-201,Paneer Butter Masala,Main Course,46.55,"Paneer, Tomato, Cream, Butter",True,Mild
REST-AUH-002,ITEM-202,Dal Makhani,Main Course,39.61,"Black Lentils, Kidney Beans, Cream",True,Mild
REST-AUH-002,ITEM-203,Palak Paneer,Main Course,43.94,"Spinach, Paneer, Spices",True,Medium
REST-AUH-002,ITEM-204,Malai Kofta,Main Course,43.54,"Cottage Cheese, Potato, Cashew Gravy",True,Mild
REST-AUH-002,ITEM-205,Chole Bhature,Main Course,41.99,"Chickpeas, Fried Bread, Spices",True,Medium
REST-AUH-002,ITEM-301,Butter Chicken,Main Course,50.19,"Chicken, Tomato, Butter, Cream",False,Mild
REST-AUH-002,ITEM-302,Chicken Tikka Masala,Main Course,51.26,"Chicken Tikka, Tomato Gravy, Cream",False,Medium
REST-AUH-002,ITEM-303,Lamb Rogan Josh,Main Course,64.93,"Lamb, Yogurt, Kashmiri Spices",False,Medium
REST-AUH-002,ITEM-304,Fish Curry,Main Course,57.53,"Fish, Coconut, Curry Leaves",False,Hot
REST-AUH-002,ITEM-305,Chicken Biryani,Main Course,50.05,"Basmati Rice, Chicken, Saffron, Spices",False,Medium
REST-AUH-002,ITEM-401,Naan,Bread,7.75,"Flour, Yogurt, Yeast",True,None
REST-AUH-002,ITEM-402,Garlic Naan,Bread,10.36,"Flour, Garlic, Butter",True,None
REST-AUH-002,ITEM-403,Butter Naan,Bread,9.19,"Flour, Butter, Milk",True,None
REST-AUH-002,ITEM-404,Tandoori Roti,Bread,5.9,Whole Wheat Flour,True,None
REST-AUH-002,ITEM-405,Jeera Rice,Rice,17.54,"Basmati Rice, Cumin Seeds",True,None
REST-AUH-002,ITEM-406,Vegetable Biryani,Rice,43.58,"Basmati Rice, Mixed Vegetables, Saffron",True,Medium
REST-AUH-002,ITEM-501,Gulab Jamun (2 pcs),Dessert,15.74,"Milk Solids, Sugar Syrup, Cardamom",True,None
REST-AUH-002,ITEM-502,Rasmalai (2 pcs),Dessert,17.83,"Cottage Cheese, Milk, Saffron",True,None
REST-AUH-002,ITEM-503,Kulfi,Dessert,19.66,"Milk, Cardamom, Pistachios",True,None
REST-AUH-002,ITEM-504,Gajar Halwa,Dessert,21.73,"Carrot, Milk, Ghee, Sugar",True,None
REST-AUH-002,ITEM-601,Masala Chai,Beverage,12.17,"Tea, Milk, Spices",True,None
REST-AUH-002,ITEM-602,Mango Lassi,Beverage,17.23,"Mango, Yogurt, Sugar",True,None
REST-AUH-002,ITEM-603,Sweet Lassi,Beverage,15.31,"Yogurt, Sugar, Cardamom",True,None
REST-AUH-002,ITEM-604,Fresh Lime Soda,Beverage,12.35,"Lime, Soda, Salt/Sugar",True,None
REST-DXB-001,ITEM-101,Samosa (2 pcs),Starter,17.4,"Potato, Peas, Spices, Pastry",True,Medium
REST-DXB-001,ITEM-102,Paneer Tikka,Starter,33.79,"Paneer, Yogurt, Spices, Bell Pepper",True,Medium
REST-DXB-001,ITEM-103,Chicken 65,Starter,39.0,"Chicken, Curry Leaves, Spices",False,Hot
REST-DXB-001,ITEM-104,Aloo Tikki Chaat,Starter,20.96,"Potato, Chickpeas, Yogurt, Tamarind",True,Mild
REST-DXB-001,ITEM-105,Chicken Seekh Kebab,Starter,40.19,"Minced Chicken, Spices, Onion",False,Medium
REST-DXB-001,ITEM-201,Paneer Butter Masala,Main Course,47.06,"Paneer, Tomato, Cream, Butter",True,Mild
REST-DXB-001,ITEM-202,Dal Makhani,Main Course,36.17,"Black Lentils, Kidney Beans, Cream",True,Mild
REST-DXB-001,ITEM-203,Palak Paneer,Main Course,40.35,"Spinach, Paneer, Spices",True,Medium
REST-DXB-001,ITEM-204,Malai Kofta,Main Course,42.65,"Cottage Cheese, Potato, Cashew Gravy",True,Mild
REST-DXB-001,ITEM-205,Chole Bhature,Main Course,39.81,"Chickpeas, Fried Bread, Spices",True,Medium
REST-DXB-001,ITEM-301,Butter Chicken,Main Course,51.37,"Chicken, Tomato, Butter, Cream",False,Mild
REST-DXB-001,ITEM-302,Chicken Tikka Masala,Main Course,49.51,"Chicken Tikka, Tomato Gravy, Cream",False,Medium
REST-DXB-001,ITEM-303,Lamb Rogan Josh,Main Course,66.57,"Lamb, Yogurt, Kashmiri Spices",False,Medium
REST-DXB-001,ITEM-304,Fish Curry,Main Course,57.11,"Fish, Coconut, Curry Leaves",False,Hot
REST-DXB-001,ITEM-305,Chicken Biryani,Main Course,46.65,"Basmati Rice, Chicken, Saffron, Spices",False,Medium
REST-DXB-001,ITEM-401,Naan,Bread,8.29,"Flour, Yogurt, Yeast",True,None
REST-DXB-001,ITEM-402,Garlic Naan,Bread,10.21,"Flour, Garlic, Butter",True,None
REST-DXB-001,ITEM-403,Butter Naan,Bread,8.68,"Flour, Butter, Milk",True,None
REST-DXB-001,ITEM-404,Tandoori Roti,Bread,6.29,Whole Wheat Flour,True,None
REST-DXB-001,ITEM-405,Jeera Rice,Rice,18.6,"Basmati Rice, Cumin Seeds",True,None
REST-DXB-001,ITEM-406,Vegetable Biryani,Rice,42.55,"Basmati Rice, Mixed Vegetables, Saffron",True,Medium
REST-DXB-001,ITEM-501,Gulab Jamun (2 pcs),Dessert,15.69,"Milk Solids, Sugar Syrup, Cardamom",True,None
REST-DXB-001,ITEM-502,Rasmalai (2 pcs),Dessert,17.38,"Cottage Cheese, Milk, Saffron",True,None
REST-DXB-001,ITEM-503,Kulfi,Dessert,20.51,"Milk, Cardamom, Pistachios",True,None
REST-DXB-001,ITEM-504,Gajar Halwa,Dessert,22.66,"Carrot, Milk, Ghee, Sugar",True,None
REST-DXB-001,ITEM-601,Masala Chai,Beverage,12.16,"Tea, Milk, Spices",True,None
REST-DXB-001,ITEM-602,Mango Lassi,Beverage,18.02,"Mango, Yogurt, Sugar",True,None
REST-DXB-001,ITEM-603,Sweet Lassi,Beverage,14.29,"Yogurt, Sugar, Cardamom",True,None
REST-DXB-001,ITEM-604,Fresh Lime Soda,Beverage,11.51,"Lime, Soda, Salt/Sugar",True,None
REST-DXB-002,ITEM-101,Samosa (2 pcs),Starter,18.02,"Potato, Peas, Spices, Pastry",True,Medium
REST-DXB-002,ITEM-102,Paneer Tikka,Starter,34.04,"Paneer, Yogurt, Spices, Bell Pepper",True,Medium
REST-DXB-002,ITEM-103,Chicken 65,Starter,38.17,"Chicken, Curry Leaves, Spices",False,Hot
REST-DXB-002,ITEM-104,Aloo Tikki Chaat,Starter,21.3,"Potato, Chickpeas, Yogurt, Tamarind",True,Mild
REST-DXB-002,ITEM-105,Chicken Seekh Kebab,Starter,42.61,"Minced Chicken, Spices, Onion",False,Medium
REST-DXB-002,ITEM-201,Paneer Butter Masala,Main Course,43.72,"Paneer, Tomato, Cream, Butter",True,Mild
REST-DXB-002,ITEM-202,Dal Makhani,Main Course,39.12,"Black Lentils, Kidney Beans, Cream",True,Mild
REST-DXB-002,ITEM-203,Palak Paneer,Main Course,42.87,"Spinach, Paneer, Spices",True,Medium
REST-DXB-002,ITEM-204,Malai Kofta,Main Course,45.1,"Cottage Cheese, Potato, Cashew Gravy",True,Mild
REST-DXB-002,ITEM-205,Chole Bhature,Main Course,38.63,"Chickpeas, Fried Bread, Spices",True,Medium
REST-DXB-002,ITEM-301,Butter Chicken,Main Course,51.7,"Chicken, Tomato, Butter, Cream",False,Mild
REST-DXB-002,ITEM-302,Chicken Tikka Masala,Main Course,48.61,"Chicken Tikka, Tomato Gravy, Cream",False,Medium
REST-DXB-002,ITEM-303,Lamb Rogan Josh,Main Course,66.44,"Lamb, Yogurt, Kashmiri Spices",False,Medium
REST-DXB-002,ITEM-304,Fish Curry,Main Course,52.62,"Fish, Coconut, Curry Leaves",False,Hot
REST-DXB-002,ITEM-305,Chicken Biryani,Main Course,49.06,"Basmati Rice, Chicken, Saffron, Spices",False,Medium
REST-DXB-002,ITEM-401,Naan,Bread,8.08,"Flour, Yogurt, Yeast",True,None
REST-DXB-002,ITEM-402,Garlic Naan,Bread,9.74,"Flour, Garlic, Butter",True,None
REST-DXB-002,ITEM-403,Butter Naan,Bread,8.83,"Flour, Butter, Milk",True,None
REST-DXB-002,ITEM-404,Tandoori Roti,Bread,6.22,Whole Wheat Flour,True,None
REST-DXB-002,ITEM-405,Jeera Rice,Rice,18.55,"Basmati Rice, Cumin Seeds",True,None
REST-DXB-002,ITEM-406,Vegetable Biryani,Rice,41.87,"Basmati Rice, Mixed Vegetables, Saffron",True,Medium
REST-DXB-002,ITEM-501,Gulab Jamun (2 pcs),Dessert,15.43,"Milk Solids, Sugar Syrup, Cardamom",True,None
REST-DXB-002,ITEM-502,Rasmalai (2 pcs),Dessert,18.17,"Cottage Cheese, Milk, Saffron",True,None
REST-DXB-002,ITEM-503,Kulfi,Dessert,19.85,"Milk, Cardamom, Pistachios",True,None
REST-DXB-002,ITEM-504,Gajar Halwa,Dessert,21.37,"Carrot, Milk, Ghee, Sugar",True,None
REST-DXB-002,ITEM-601,Masala Chai,Beverage,12.03,"Tea, Milk, Spices",True,None
REST-DXB-002,ITEM-602,Mango Lassi,Beverage,17.86,"Mango, Yogurt, Sugar",True,None
REST-DXB-002,ITEM-603,Sweet Lassi,Beverage,14.28,"Yogurt, Sugar, Cardamom",True,None
REST-DXB-002,ITEM-604,Fresh Lime Soda,Beverage,12.37,"Lime, Soda, Salt/Sugar",True,None
REST-SHJ-001,ITEM-101,Samosa (2 pcs),Starter,18.13,"Potato, Peas, Spices, Pastry",True,Medium
REST-SHJ-001,ITEM-102,Paneer Tikka,Starter,35.11,"Paneer, Yogurt, Spices, Bell Pepper",True,Medium
REST-SHJ-001,ITEM-103,Chicken 65,Starter,36.39,"Chicken, Curry Leaves, Spices",False,Hot
REST-SHJ-001,ITEM-104,Aloo Tikki Chaat,Starter,21.54,"Potato, Chickpeas, Yogurt, Tamarind",True,Mild
REST-SHJ-001,ITEM-105,Chicken Seekh Kebab,Starter,40.65,"Minced Chicken, Spices, Onion",False,Medium
REST-SHJ-001,ITEM-201,Paneer Butter Masala,Main Course,46.16,"Paneer, Tomato, Cream, Butter",True,Mild
REST-SHJ-001,ITEM-202,Dal Makhani,Main Course,37.78,"Black Lentils, Kidney Beans, Cream",True,Mild
REST-SHJ-001,ITEM-203,Palak Paneer,Main Course,40.83,"Spinach, Paneer, Spices",True,Medium
REST-SHJ-001,ITEM-204,Malai Kofta,Main Course,41.84,"Cottage Cheese, Potato, Cashew Gravy",True,Mild
REST-SHJ-001,ITEM-205,Chole Bhature,Main Course,40.69,"Chickpeas, Fried Bread, Spices",True,Medium
REST-SHJ-001,ITEM-301,Butter Chicken,Main Course,52.17,"Chicken, Tomato, Butter, Cream",False,Mild
REST-SHJ-001,ITEM-302,Chicken Tikka Masala,Main Course,48.47,"Chicken Tikka, Tomato Gravy, Cream",False,Medium
REST-SHJ-001,ITEM-303,Lamb Rogan Josh,Main Course,65.44,"Lamb, Yogurt, Kashmiri Spices",False,Medium
REST-SHJ-001,ITEM-304,Fish Curry,Main Course,57.02,"Fish, Coconut, Curry Leaves",False,Hot
REST-SHJ-001,ITEM-305,Chicken Biryani,Main Course,48.15,"Basmati Rice, Chicken, Saffron, Spices",False,Medium
REST-SHJ-001,ITEM-401,Naan,Bread,7.68,"Flour, Yogurt, Yeast",True,None
REST-SHJ-001,ITEM-402,Garlic Naan,Bread,10.26,"Flour, Garlic, Butter",True,None
REST-SHJ-001,ITEM-403,Butter Naan,Bread,8.76,"Flour, Butter, Milk",True,None
REST-SHJ-001,ITEM-404,Tandoori Roti,Bread,5.86,Whole Wheat Flour,True,None
REST-SHJ-001,ITEM-405,Jeera Rice,Rice,17.89,"Basmati Rice, Cumin Seeds",True,None
REST-SHJ-001,ITEM-406,Vegetable Biryani,Rice,42.85,"Basmati Rice, Mixed Vegetables, Saffron",True,Medium
REST-SHJ-001,ITEM-501,Gulab Jamun (2 pcs),Dessert,15.09,"Milk Solids, Sugar Syrup, Cardamom",True,None
REST-SHJ-001,ITEM-502,Rasmalai (2 pcs),Dessert,17.38,"Cottage Cheese, Milk, Saffron",True,None
REST-SHJ-001,ITEM-503,Kulfi,Dessert,20.94,"Milk, Cardamom, Pistachios",True,None
REST-SHJ-001,ITEM-504,Gajar Halwa,Dessert,23.09,"Carrot, Milk, Ghee, Sugar",True,None
REST-SHJ-001,ITEM-601,Masala Chai,Beverage,11.9,"Tea, Milk, Spices",True,None
REST-SHJ-001,ITEM-602,Mango Lassi,Beverage,18.35,"Mango, Yogurt, Sugar",True,None
REST-SHJ-001,ITEM-603,Sweet Lassi,Beverage,14.98,"Yogurt, Sugar, Cardamom",True,None
REST-SHJ-001,ITEM-604,Fresh Lime Soda,Beverage,11.71,"Lime, Soda, Salt/Sugar",True,None
